{"cameraMode":{"drawMode":0,"name":"Shaded","section":"Shading Mode"},"sceneLighting":true,"audioPlay":false,"sceneViewState":{"m_AlwaysRefresh":false,"showFog":true,"showSkybox":true,"showFlares":true,"showImageEffects":true,"showParticleSystems":true,"showVisualEffectGraphs":true,"m_FxEnabled":true},"in2DMode":false,"pivot":{"x":-0.13719940185546876,"y":-0.11096510291099549,"z":0.34189677238464358},"rotation":{"x":0.07260029762983322,"y":-0.30383217334747317,"z":0.023283811286091806,"w":0.9497490525245667},"size":0.8660253882408142,"orthographic":false}